Round,Track,"Lap Distance","N. Laps",Cornering,Inclines,Camber,Grip,"Wind (Avg. Speed)",Temperature,Humidity,"Air Density","Air Pressure","Wind (Gusts)",Altitude,Roughness,Width,"Rear Wing",Engine,"Front Wing","Brake Balance",Differential,Suspension
1,France,3.5,88,72,4,10,7,49,17,100,8,72,83,60,58,41,,,,,,
2,Spain,4.4,70,35,85,21,71,0,32,91,74,17,7,47,92,11,,,,,,
3,"United States of America",3.4,90,15,8,4,39,9,38,96,25,100,73,24,59,1,,,,,,
4,Italy,4.3,71,37,13,61,40,38,17,46,95,96,10,69,45,4,,,,,,
